{"has_child":1,"home_url":"http:\/\/localhost\/wordpress","child_file":{"localhost_wordpress_wpvivid-61c3c0a6adf89_2021-12-23-00-19_backup_plugin.zip":{"file_type":"plugin","plugin":{"akismet":{"slug":"akismet","size":254674},"jetpack":{"slug":"jetpack","size":27072032},"really-simple-ssl":{"slug":"really-simple-ssl","size":1951324},"woocommerce":{"slug":"woocommerce","size":29438896}},"root_flag":"wp-content","file":"localhost_wordpress_wpvivid-61c3c0a6adf89_2021-12-23-00-19_backup_plugin.zip","php_version":"7.4.25","mysql_version":"5.5.5"},"localhost_wordpress_wpvivid-61c3c0a6adf89_2021-12-23-00-19_backup_core.zip":{"include_path":["wp-includes","wp-admin"],"wp_core":1,"home_url":"http:\/\/localhost\/wordpress","file_type":"wp-core","root_flag":"root","file":"localhost_wordpress_wpvivid-61c3c0a6adf89_2021-12-23-00-19_backup_core.zip","php_version":"7.4.25","mysql_version":"5.5.5"},"localhost_wordpress_wpvivid-61c3c0a6adf89_2021-12-23-00-19_backup_uploads.zip":{"file_type":"upload","root_flag":"wp-content","file":"localhost_wordpress_wpvivid-61c3c0a6adf89_2021-12-23-00-19_backup_uploads.zip","php_version":"7.4.25","mysql_version":"5.5.5"},"localhost_wordpress_wpvivid-61c3c0a6adf89_2021-12-23-00-19_backup_themes.zip":{"file_type":"themes","themes":{"flatsome":{"slug":"flatsome","size":12827667},"twentynineteen":{"slug":"twentynineteen","size":1329806},"twentytwenty":{"slug":"twentytwenty","size":1783831},"twentytwentyone":{"slug":"twentytwentyone","size":3666597}},"root_flag":"wp-content","file":"localhost_wordpress_wpvivid-61c3c0a6adf89_2021-12-23-00-19_backup_themes.zip","php_version":"7.4.25","mysql_version":"5.5.5"},"localhost_wordpress_wpvivid-61c3c0a6adf89_2021-12-23-00-19_backup_db.zip":{"dump_db":1,"home_url":"http:\/\/localhost\/wordpress","file_type":"databases","root_flag":"custom","file":"localhost_wordpress_wpvivid-61c3c0a6adf89_2021-12-23-00-19_backup_db.zip","php_version":"7.4.25","mysql_version":"5.5.5"},"localhost_wordpress_wpvivid-61c3c0a6adf89_2021-12-23-00-19_backup_content.zip":{"file_type":"wp-content","root_flag":"root","file":"localhost_wordpress_wpvivid-61c3c0a6adf89_2021-12-23-00-19_backup_content.zip","php_version":"7.4.25","mysql_version":"5.5.5"}},"root_flag":"custom","file":"localhost_wordpress_wpvivid-61c3c0a6adf89_2021-12-23-00-19_backup_all.zip","php_version":"7.4.25","mysql_version":"5.5.5"}